{
"lengthUnit": "mil",
"remark": [],
"components": {
	"fields": ["COMPONENT_NO", "COMPONENT_NAME", "LAYER", "X_COORDINATE", "Y_COORDINATE", "ANGLE"],
	"rows": [
		[1, "C1", "T", 1535, -555, 270],
		[2, "C2", "T", 1635, -555, 270],
		[3, "C3", "T", 1735, -555, 270],
		[4, "C4", "T", 860, -585, 90],
		[5, "C5", "T", 845, 50, 0],
		[6, "D1", "T", 980, -500, 90],
		[7, "D2", "T", 275, -15, 0],
		[8, "D3", "T", 1700, 595, 0],
		[9, "D4", "T", 2670, 330, 90],
		[10, "D5", "T", 1740, 85, 270],
		[11, "D6", "T", 1650, 85, 270],
		[12, "D7", "T", 1635, -325, 90],
		[13, "F1", "T", 385, 510, 90],
		[14, "H2", "T", 475, -75, 0],
		[15, "L1", "T", 1260, -500, 270],
		[16, "LED1", "T", 1302.9735, 225.8445, 0],
		[17, "LED2", "T", 1302.9735, 77.5413, 0],
		[18, "LED3", "T", 1305.572, -90.0005, 0],
		[19, "Q1", "T", 2825, -215, 180],
		[20, "R1", "T", 835, -275, 180],
		[21, "R2", "T", 1505, 595, 0],
		[22, "R3", "T", 1700, 450, 0],
		[23, "R4", "T", 1505, 450, 0],
		[24, "R5", "T", 2670, 80, 90],
		[25, "R6", "T", 1524.2835, 226.056, 0],
		[26, "R7", "T", 1524.2835, 77.7528, 0],
		[27, "R8", "T", 1524.2835, -90.5505, 0],
		[28, "R9", "T", 270, -210, 270],
		[29, "R10", "T", 400, -250, 0],
		[30, "R11", "T", 530, -210, 270],
		[31, "U1", "T", 532.1915, -514.85, 180],
		[32, "U2", "T", 2310, -300, 0],
		[33, "U4", "T", 10, 258.665, 270],
		[34, "U5", "T", 2880, 295, 90],
		[35, "U6", "T", 10, -175, 270],
		[36, "PAD1", "T", 2510, -350, 0],
		[37, "PAD1", "B", 2510, -350, 0],
		[38, "PAD2", "T", 2510, -150, 0],
		[39, "PAD2", "B", 2510, -150, 0],
		[40, "PAD3", "T", 2510, 149.99, 0],
		[41, "PAD3", "B", 2510, 149.99, 0],
		[42, "PAD4", "T", 1910, -550, 0],
		[43, "PAD4", "B", 1910, -550, 0],
		[44, "PAD5", "T", 1910, 149.99, 0],
		[45, "PAD5", "B", 1910, 149.99, 0],
		[46, "PAD6", "T", 1910, 449.99, 0],
		[47, "PAD6", "B", 1910, 449.99, 0],
		[48, "PAD7", "T", 2510, 649.99, 0],
		[49, "PAD7", "B", 2510, 649.99, 0],
		[50, "PAD8", "T", 2510, 549.99, 0],
		[51, "PAD8", "B", 2510, 549.99, 0],
		[52, "PAD9", "T", 1910, 649.99, 0],
		[53, "PAD9", "B", 1910, 649.99, 0],
		[54, "PAD10", "T", 1910, -350, 0],
		[55, "PAD10", "B", 1910, -350, 0],
		[56, "PAD11", "T", 1535, -617.7, 0],
		[57, "PAD12", "T", 1535, -492.3, 0],
		[58, "PAD13", "T", 1635, -617.7, 0],
		[59, "PAD14", "T", 1635, -492.3, 0],
		[60, "PAD15", "T", 1735, -617.7, 0],
		[61, "PAD16", "T", 1735, -492.3, 0],
		[62, "PAD17", "T", 860, -522.3, 0],
		[63, "PAD18", "T", 860, -647.7, 0],
		[64, "PAD19", "T", 745, 50, 0],
		[65, "PAD19", "B", 745, 50, 0],
		[66, "PAD20", "T", 945, 50, 0],
		[67, "PAD20", "B", 945, 50, 0],
		[68, "PAD21", "T", 980, -413.39, 0],
		[69, "PAD22", "T", 980, -586.61, 0],
		[70, "PAD23", "T", 318.36, -52.4, 0],
		[71, "PAD24", "T", 318.36, 22.4, 0],
		[72, "PAD25", "T", 231.64, -15, 0],
		[73, "PAD26", "T", 1764.374, 595, 0],
		[74, "PAD27", "T", 1635.626, 595, 0],
		[75, "PAD28", "T", 2670, 394.374, 0],
		[76, "PAD29", "T", 2670, 265.626, 0],
		[77, "PAD30", "T", 1260, -688.11, 0],
		[78, "PAD31", "T", 1260, -311.89, 0],
		[79, "PAD32", "T", 1334.4485, 225.8495, 0],
		[80, "PAD33", "T", 1271.4985, 225.8395, 0],
		[81, "PAD34", "T", 1334.4485, 77.5463, 0],
		[82, "PAD35", "T", 1271.4985, 77.5363, 0],
		[83, "PAD36", "T", 1264.222, -90.0005, 0],
		[84, "PAD37", "T", 1346.922, -90.0005, 0],
		[85, "PAD38", "T", 2734.92, -67.561, 0],
		[86, "PAD39", "T", 2825.08, -362.521, 0],
		[87, "PAD40", "T", 2915.08, -67.481, 0],
		[88, "PAD41", "T", 795.63, -275, 0],
		[89, "PAD42", "T", 874.37, -275, 0],
		[90, "PAD43", "T", 1544.37, 595, 0],
		[91, "PAD44", "T", 1465.63, 595, 0],
		[92, "PAD45", "T", 1739.37, 450, 0],
		[93, "PAD46", "T", 1660.63, 450, 0],
		[94, "PAD47", "T", 1544.37, 450, 0],
		[95, "PAD48", "T", 1465.63, 450, 0],
		[96, "PAD49", "T", 2670, 119.37, 0],
		[97, "PAD50", "T", 2670, 40.63, 0],
		[98, "PAD51", "T", 1563.6535, 226.056, 0],
		[99, "PAD52", "T", 1484.9135, 226.056, 0],
		[100, "PAD53", "T", 1563.6535, 77.7528, 0],
		[101, "PAD54", "T", 1484.9135, 77.7528, 0],
		[102, "PAD55", "T", 1563.6535, -90.5505, 0],
		[103, "PAD56", "T", 1484.9135, -90.5505, 0],
		[104, "PAD57", "T", 729.3465, -380.85, 0],
		[105, "PAD58", "T", 729.3465, -447.85, 0],
		[106, "PAD59", "T", 729.3465, -581.85, 0],
		[107, "PAD60", "T", 729.3465, -514.85, 0],
		[108, "PAD61", "T", 729.3465, -648.85, 0],
		[109, "PAD62", "T", 335.0365, -502.35, 0],
		[110, "PAD63", "T", 10, 357.09, 0],
		[111, "PAD63", "B", 10, 357.09, 0],
		[112, "PAD64", "T", 10, 160.24, 0],
		[113, "PAD64", "B", 10, 160.24, 0],
		[114, "PAD65", "T", 2880, 196.575, 0],
		[115, "PAD65", "B", 2880, 196.575, 0],
		[116, "PAD66", "T", 2880, 393.425, 0],
		[117, "PAD66", "B", 2880, 393.425, 0],
		[118, "PAD67", "T", 451.93, 317.09, 0],
		[119, "PAD67", "B", 451.93, 317.09, 0],
		[120, "PAD68", "T", 451.93, 702.91, 0],
		[121, "PAD68", "B", 451.93, 702.91, 0],
		[122, "PAD69", "T", 318.07, 702.91, 0],
		[123, "PAD69", "B", 318.07, 702.91, 0],
		[124, "PAD70", "T", 318.07, 317.09, 0],
		[125, "PAD70", "B", 318.07, 317.09, 0],
		[126, "PAD71", "T", 1740, 20.626, 0],
		[127, "PAD72", "T", 1740, 149.374, 0],
		[128, "PAD73", "T", 1650, 20.626, 0],
		[129, "PAD74", "T", 1650, 149.374, 0],
		[130, "PAD75", "T", 1635, -260.626, 0],
		[131, "PAD76", "T", 1635, -389.374, 0],
		[132, "PAD77", "T", 425, -75, 0],
		[133, "PAD77", "B", 425, -75, 0],
		[134, "PAD78", "T", 525, -75, 0],
		[135, "PAD78", "B", 525, -75, 0],
		[136, "PAD79", "T", 270, -249.37, 0],
		[137, "PAD80", "T", 270, -170.63, 0],
		[138, "PAD81", "T", 439.37, -250, 0],
		[139, "PAD82", "T", 360.63, -250, 0],
		[140, "PAD83", "T", 530, -249.37, 0],
		[141, "PAD84", "T", 530, -170.63, 0],
		[142, "PAD85", "T", 10, -76.575, 0],
		[143, "PAD85", "B", 10, -76.575, 0],
		[144, "PAD86", "T", 10, -273.425, 0],
		[145, "PAD86", "B", 10, -273.425, 0]
	]
},
"pins": {
	"fields": ["PIN_NO", "PIN_NAME", "PIN_X", "PIN_Y", "LAYER", "PIN_TYPE", "NET_NAME", "NET_TYPE", "PAD_SHAPE", "PAD_SIZEX", "PAD_SIZEY", "HOLE_SIZE", "HOLE_LEN", "PAD_ANGLE"],
	"rows": [
		[1, "C1_1", 1535, -492.3, "T", "SMD", "+5V", "", "R", 58.465, 68.031, 0, 0, 270],
		[2, "C1_2", 1535, -617.7, "T", "SMD", "GND", "GND", "R", 58.465, 68.031, 0, 0, 270],
		[3, "C2_1", 1635, -492.3, "T", "SMD", "+5V", "", "R", 58.465, 68.031, 0, 0, 270],
		[4, "C2_2", 1635, -617.7, "T", "SMD", "GND", "GND", "R", 58.465, 68.031, 0, 0, 270],
		[5, "C3_1", 1735, -492.3, "T", "SMD", "+5V", "", "R", 58.465, 68.031, 0, 0, 270],
		[6, "C3_2", 1735, -617.7, "T", "SMD", "GND", "GND", "R", 58.465, 68.031, 0, 0, 270],
		[7, "C4_1", 860, -647.7, "T", "SMD", "VIN", "", "R", 58.465, 68.031, 0, 0, 90],
		[8, "C4_2", 860, -522.3, "T", "SMD", "PGND", "", "R", 58.465, 68.031, 0, 0, 90],
		[9, "C5_1", 745, 50, "T", "DIP", "VIN", "", "C", 62.992, 62.992, 39.37, 39.37, 0],
		[10, "C5_1", 745, 50, "B", "DIP", "VIN", "", "C", 62.992, 62.992, 39.37, 39.37, 0],
		[11, "C5_2", 945, 50, "T", "DIP", "PGND", "", "C", 62.992, 62.992, 39.37, 39.37, 0],
		[12, "C5_2", 945, 50, "B", "DIP", "PGND", "", "C", 62.992, 62.992, 39.37, 39.37, 0],
		[13, "D1_1", 980, -586.61, "T", "SMD", "$1N1383", "", "R", 78.74, 78.74, 0, 0, 270],
		[14, "D1_2", 980, -413.39, "T", "SMD", "PGND", "", "R", 78.74, 78.74, 0, 0, 270],
		[15, "D2_1", 318.36, -52.4, "T", "SMD", "VIN", "", "R", 40.846, 20.945, 0, 0, 0],
		[16, "D2_2", 318.36, 22.4, "T", "SMD", "VIN", "", "R", 40.846, 20.945, 0, 0, 0],
		[17, "D2_3", 231.64, -15, "T", "SMD", "PGND", "", "R", 40.846, 20.945, 0, 0, 0],
		[18, "D3_1", 1635.626, 595, "T", "SMD", "V-SENSE", "", "R", 35.827, 48.031, 0, 0, 0],
		[19, "D3_2", 1764.374, 595, "T", "SMD", "PGND", "", "R", 35.827, 48.031, 0, 0, 0],
		[20, "D4_1", 2670, 265.626, "T", "SMD", "$1N2162", "", "R", 35.827, 48.031, 0, 0, 90],
		[21, "D4_2", 2670, 394.374, "T", "SMD", "PGND", "", "R", 35.827, 48.031, 0, 0, 90],
		[22, "D5_1", 1740, 149.374, "T", "SMD", "SPARE-IN", "", "R", 35.827, 48.031, 0, 0, 270],
		[23, "D5_2", 1740, 20.626, "T", "SMD", "PGND", "", "R", 35.827, 48.031, 0, 0, 270],
		[24, "D6_1", 1650, 149.374, "T", "SMD", "TACHO", "", "R", 35.827, 48.031, 0, 0, 270],
		[25, "D6_2", 1650, 20.626, "T", "SMD", "PGND", "", "R", 35.827, 48.031, 0, 0, 270],
		[26, "D7_1", 1635, -389.374, "T", "SMD", "+5V", "", "R", 35.827, 48.031, 0, 0, 90],
		[27, "D7_2", 1635, -260.626, "T", "SMD", "GND", "GND", "R", 35.827, 48.031, 0, 0, 90],
		[28, "F1_1", 318.07, 317.09, "T", "DIP", "+12VIN", "", "C", 98.425, 98.425, 70.866, 70.866, 90],
		[29, "F1_1", 318.07, 317.09, "B", "DIP", "+12VIN", "", "C", 98.425, 98.425, 70.866, 70.866, 90],
		[30, "F1_2", 318.07, 702.91, "T", "DIP", "VIN", "", "C", 98.425, 98.425, 70.866, 70.866, 90],
		[31, "F1_2", 318.07, 702.91, "B", "DIP", "VIN", "", "C", 98.425, 98.425, 70.866, 70.866, 90],
		[32, "F1_3", 451.93, 702.91, "T", "DIP", "VIN", "", "C", 98.425, 98.425, 70.866, 70.866, 90],
		[33, "F1_3", 451.93, 702.91, "B", "DIP", "VIN", "", "C", 98.425, 98.425, 70.866, 70.866, 90],
		[34, "F1_4", 451.93, 317.09, "T", "DIP", "+12VIN", "", "C", 98.425, 98.425, 70.866, 70.866, 90],
		[35, "F1_4", 451.93, 317.09, "B", "DIP", "+12VIN", "", "C", 98.425, 98.425, 70.866, 70.866, 90],
		[36, "H2_1", 425, -75, "T", "DIP", "TACHO-IN", "", "R", 78.74, 78.74, 47.244, 47.244, 0],
		[37, "H2_1", 425, -75, "B", "DIP", "TACHO-IN", "", "R", 78.74, 78.74, 47.244, 47.244, 0],
		[38, "H2_2", 525, -75, "T", "DIP", "$1N5056", "", "C", 78.74, 78.74, 47.244, 47.244, 0],
		[39, "H2_2", 525, -75, "B", "DIP", "$1N5056", "", "C", 78.74, 78.74, 47.244, 47.244, 0],
		[40, "L1_1", 1260, -688.11, "T", "SMD", "$1N1383", "", "R", 115.118, 134.646, 0, 0, 270],
		[41, "L1_2", 1260, -311.89, "T", "SMD", "+5V", "", "R", 115.118, 134.646, 0, 0, 270],
		[42, "LED1_1", 1271.4985, 225.8395, "T", "SMD", "$1N3280", "", "R", 31.496, 31.496, 0, 0, 90],
		[43, "LED1_2", 1334.4485, 225.8495, "T", "SMD", "PWR-LED", "", "R", 31.496, 31.496, 0, 0, 90],
		[44, "LED2_1", 1271.4985, 77.5363, "T", "SMD", "$1N3447", "", "R", 31.496, 31.496, 0, 0, 90],
		[45, "LED2_2", 1334.4485, 77.5463, "T", "SMD", "ERROR-LED", "", "R", 31.496, 31.496, 0, 0, 90],
		[46, "LED3_1", 1346.922, -90.0005, "T", "SMD", "FIELD-LED", "", "R", 39.37, 55.1, 0, 0, 180],
		[47, "LED3_2", 1264.222, -90.0005, "T", "SMD", "$1N3617", "", "R", 39.37, 55.1, 0, 0, 180],
		[48, "Q1_1", 2915.08, -67.481, "T", "SMD", "$1N2162", "", "R", 100, 50, 0, 0, 90],
		[49, "Q1_2", 2825.08, -362.521, "T", "SMD", "COIL", "", "R", 240.157, 212.598, 0, 0, 90],
		[50, "Q1_3", 2734.92, -67.561, "T", "SMD", "PGND", "", "R", 100, 50, 0, 0, 90],
		[51, "R1_1", 874.37, -275, "T", "SMD", "GND", "GND", "R", 44.588, 54.213, 0, 0, 180],
		[52, "R1_2", 795.63, -275, "T", "SMD", "PGND", "", "R", 44.588, 54.213, 0, 0, 180],
		[53, "R2_1", 1465.63, 595, "T", "SMD", "VIN", "", "R", 44.588, 54.213, 0, 0, 0],
		[54, "R2_2", 1544.37, 595, "T", "SMD", "V-SENSE", "", "R", 44.588, 54.213, 0, 0, 0],
		[55, "R3_1", 1660.63, 450, "T", "SMD", "V-SENSE", "", "R", 44.588, 54.213, 0, 0, 0],
		[56, "R3_2", 1739.37, 450, "T", "SMD", "V-SENSE", "", "R", 44.588, 54.213, 0, 0, 0],
		[57, "R4_1", 1465.63, 450, "T", "SMD", "PGND", "", "R", 44.588, 54.213, 0, 0, 0],
		[58, "R4_2", 1544.37, 450, "T", "SMD", "V-SENSE", "", "R", 44.588, 54.213, 0, 0, 0],
		[59, "R5_1", 2670, 40.63, "T", "SMD", "FIELD-DRV", "", "R", 44.588, 54.213, 0, 0, 90],
		[60, "R5_2", 2670, 119.37, "T", "SMD", "$1N2162", "", "R", 44.588, 54.213, 0, 0, 90],
		[61, "R6_1", 1484.9135, 226.056, "T", "SMD", "$1N3280", "", "R", 44.588, 54.213, 0, 0, 0],
		[62, "R6_2", 1563.6535, 226.056, "T", "SMD", "GND", "GND", "R", 44.588, 54.213, 0, 0, 0],
		[63, "R7_1", 1484.9135, 77.7528, "T", "SMD", "$1N3447", "", "R", 44.588, 54.213, 0, 0, 0],
		[64, "R7_2", 1563.6535, 77.7528, "T", "SMD", "GND", "GND", "R", 44.588, 54.213, 0, 0, 0],
		[65, "R8_1", 1484.9135, -90.5505, "T", "SMD", "$1N3617", "", "R", 44.588, 54.213, 0, 0, 0],
		[66, "R8_2", 1563.6535, -90.5505, "T", "SMD", "GND", "GND", "R", 44.588, 54.213, 0, 0, 0],
		[67, "R9_1", 270, -170.63, "T", "SMD", "TACHO-IN", "", "R", 44.588, 54.213, 0, 0, 270],
		[68, "R9_2", 270, -249.37, "T", "SMD", "$1N5056", "", "R", 44.588, 54.213, 0, 0, 270],
		[69, "R10_1", 360.63, -250, "T", "SMD", "$1N5056", "", "R", 44.588, 54.213, 0, 0, 0],
		[70, "R10_2", 439.37, -250, "T", "SMD", "TACHO", "", "R", 44.588, 54.213, 0, 0, 0],
		[71, "R11_1", 530, -170.63, "T", "SMD", "PGND", "", "R", 44.588, 54.213, 0, 0, 270],
		[72, "R11_2", 530, -249.37, "T", "SMD", "TACHO", "", "R", 44.588, 54.213, 0, 0, 270],
		[73, "U1_1", 729.3465, -648.85, "T", "SMD", "VIN", "", "R", 125.984, 45.276, 0, 0, 180],
		[74, "U1_2", 729.3465, -581.85, "T", "SMD", "$1N1383", "", "R", 125.984, 45.276, 0, 0, 180],
		[75, "U1_3", 729.3465, -514.85, "T", "SMD", "PGND", "", "R", 125.984, 45.276, 0, 0, 180],
		[76, "U1_4", 729.3465, -447.85, "T", "SMD", "+5V", "", "R", 125.984, 45.276, 0, 0, 180],
		[77, "U1_5", 729.3465, -380.85, "T", "SMD", "PGND", "", "R", 125.984, 45.276, 0, 0, 180],
		[78, "U1_6", 335.0365, -502.35, "T", "SMD", "PGND", "", "P", 320, 430, 0, 0, 180],
		[79, "U2_3.3V", 1910, 649.99, "T", "DIP", "PWR-LED", "", "O", 140, 70, 31.5, 31.7, 180],
		[80, "U2_3.3V", 1910, 649.99, "B", "DIP", "PWR-LED", "", "O", 140, 70, 31.5, 31.7, 180],
		[81, "U2_5V", 1910, -350, "T", "DIP", "+5V", "", "O", 140, 70, 31.5, 31.7, 0],
		[82, "U2_5V", 1910, -350, "B", "DIP", "+5V", "", "O", 140, 70, 31.5, 31.7, 0],
		[83, "U2_A0", 1910, 449.99, "T", "DIP", "V-SENSE", "", "O", 140, 70, 31.5, 31.7, 0],
		[84, "U2_A0", 1910, 449.99, "B", "DIP", "V-SENSE", "", "O", 140, 70, 31.5, 31.7, 0],
		[85, "U2_A1", 1910, 349.99, "T", "DIP", "NET_1", "", "O", 140, 70, 31.5, 31.7, 0],
		[86, "U2_A1", 1910, 349.99, "B", "DIP", "NET_1", "", "O", 140, 70, 31.5, 31.7, 0],
		[87, "U2_A2", 1910, 249.99, "T", "DIP", "NET_2", "", "O", 140, 70, 31.5, 31.7, 0],
		[88, "U2_A2", 1910, 249.99, "B", "DIP", "NET_2", "", "O", 140, 70, 31.5, 31.7, 0],
		[89, "U2_A3", 1910, 149.99, "T", "DIP", "SPARE-IN", "", "O", 140, 70, 31.5, 31.7, 0],
		[90, "U2_A3", 1910, 149.99, "B", "DIP", "SPARE-IN", "", "O", 140, 70, 31.5, 31.7, 0],
		[91, "U2_A4", 1910, 50, "T", "DIP", "NET_3", "", "O", 140, 70, 31.5, 31.7, 180],
		[92, "U2_A4", 1910, 50, "B", "DIP", "NET_3", "", "O", 140, 70, 31.5, 31.7, 180],
		[93, "U2_A5", 1910, -50, "T", "DIP", "NET_4", "", "O", 140, 70, 31.5, 31.7, 180],
		[94, "U2_A5", 1910, -50, "B", "DIP", "NET_4", "", "O", 140, 70, 31.5, 31.7, 180],
		[95, "U2_A6", 1910, -150, "T", "DIP", "NET_5", "", "O", 140, 70, 31.5, 31.7, 180],
		[96, "U2_A6", 1910, -150, "B", "DIP", "NET_5", "", "O", 140, 70, 31.5, 31.7, 180],
		[97, "U2_A7", 1910, -250, "T", "DIP", "NET_6", "", "O", 140, 70, 31.5, 31.7, 180],
		[98, "U2_A7", 1910, -250, "B", "DIP", "NET_6", "", "O", 140, 70, 31.5, 31.7, 180],
		[99, "U2_AREF", 1910, 549.99, "T", "DIP", "NET_7", "", "O", 140, 70, 31.5, 31.7, 180],
		[100, "U2_AREF", 1910, 549.99, "B", "DIP", "NET_7", "", "O", 140, 70, 31.5, 31.7, 180],
		[101, "U2_D10", 2510, 549.99, "T", "DIP", "FIELD-LED", "", "O", 140, 70, 31.5, 31.7, 0],
		[102, "U2_D10", 2510, 549.99, "B", "DIP", "FIELD-LED", "", "O", 140, 70, 31.5, 31.7, 0],
		[103, "U2_D11", 2510, 649.99, "T", "DIP", "ERROR-LED", "", "O", 140, 70, 31.5, 31.7, 0],
		[104, "U2_D11", 2510, 649.99, "B", "DIP", "ERROR-LED", "", "O", 140, 70, 31.5, 31.7, 0],
		[105, "U2_D12", 2510, 749.99, "T", "DIP", "NET_8", "", "O", 140, 70, 31.5, 31.7, 0],
		[106, "U2_D12", 2510, 749.99, "B", "DIP", "NET_8", "", "O", 140, 70, 31.5, 31.7, 0],
		[107, "U2_D13", 1910, 749.99, "T", "DIP", "NET_9", "", "O", 140, 70, 31.5, 31.7, 0],
		[108, "U2_D13", 1910, 749.99, "B", "DIP", "NET_9", "", "O", 140, 70, 31.5, 31.7, 0],
		[109, "U2_D2", 2510, -250, "T", "DIP", "NET_10", "", "O", 140, 70, 31.5, 31.7, 0],
		[110, "U2_D2", 2510, -250, "B", "DIP", "NET_10", "", "O", 140, 70, 31.5, 31.7, 0],
		[111, "U2_D3", 2510, -150, "T", "DIP", "FIELD-DRV", "", "O", 140, 70, 31.5, 31.7, 0],
		[112, "U2_D3", 2510, -150, "B", "DIP", "FIELD-DRV", "", "O", 140, 70, 31.5, 31.7, 0],
		[113, "U2_D4", 2510, -50, "T", "DIP", "NET_11", "", "O", 140, 70, 31.5, 31.7, 0],
		[114, "U2_D4", 2510, -50, "B", "DIP", "NET_11", "", "O", 140, 70, 31.5, 31.7, 0],
		[115, "U2_D5", 2510, 50, "T", "DIP", "NET_12", "", "O", 140, 70, 31.5, 31.7, 0],
		[116, "U2_D5", 2510, 50, "B", "DIP", "NET_12", "", "O", 140, 70, 31.5, 31.7, 0],
		[117, "U2_D6", 2510, 149.99, "T", "DIP", "TACHO", "", "O", 140, 70, 31.5, 31.7, 0],
		[118, "U2_D6", 2510, 149.99, "B", "DIP", "TACHO", "", "O", 140, 70, 31.5, 31.7, 0],
		[119, "U2_D7", 2510, 249.99, "T", "DIP", "NET_13", "", "O", 140, 70, 31.5, 31.7, 0],
		[120, "U2_D7", 2510, 249.99, "B", "DIP", "NET_13", "", "O", 140, 70, 31.5, 31.7, 0],
		[121, "U2_D8", 2510, 349.99, "T", "DIP", "NET_14", "", "O", 140, 70, 31.5, 31.7, 0],
		[122, "U2_D8", 2510, 349.99, "B", "DIP", "NET_14", "", "O", 140, 70, 31.5, 31.7, 0],
		[123, "U2_D9", 2510, 449.99, "T", "DIP", "NET_15", "", "O", 140, 70, 31.5, 31.7, 0],
		[124, "U2_D9", 2510, 449.99, "B", "DIP", "NET_15", "", "O", 140, 70, 31.5, 31.7, 0],
		[125, "U2_GND", 1910, -550, "T", "DIP", "GND", "GND", "O", 140, 70, 31.5, 31.7, 0],
		[126, "U2_GND", 1910, -550, "B", "DIP", "GND", "GND", "O", 140, 70, 31.5, 31.7, 0],
		[127, "U2_GND1", 2510, -350, "T", "DIP", "GND", "GND", "O", 140, 70, 31.5, 31.7, 0],
		[128, "U2_GND1", 2510, -350, "B", "DIP", "GND", "GND", "O", 140, 70, 31.5, 31.7, 0],
		[129, "U2_RAW", 1910, -650, "T", "DIP", "NET_16", "", "O", 140, 70, 31.5, 31.7, 0],
		[130, "U2_RAW", 1910, -650, "B", "DIP", "NET_16", "", "O", 140, 70, 31.5, 31.7, 0],
		[131, "U2_RST", 1910, -450, "T", "DIP", "NET_17", "", "O", 140, 70, 31.5, 31.7, 0],
		[132, "U2_RST", 1910, -450, "B", "DIP", "NET_17", "", "O", 140, 70, 31.5, 31.7, 0],
		[133, "U2_RST1", 2510, -450, "T", "DIP", "NET_18", "", "O", 140, 70, 31.5, 31.7, 0],
		[134, "U2_RST1", 2510, -450, "B", "DIP", "NET_18", "", "O", 140, 70, 31.5, 31.7, 0],
		[135, "U2_RX1", 2510, -550, "T", "DIP", "NET_19", "", "O", 140, 70, 31.5, 31.7, 0],
		[136, "U2_RX1", 2510, -550, "B", "DIP", "NET_19", "", "O", 140, 70, 31.5, 31.7, 0],
		[137, "U2_TX0", 2510, -650, "T", "DIP", "NET_20", "", "O", 140, 70, 31.5, 31.7, 0],
		[138, "U2_TX0", 2510, -650, "B", "DIP", "NET_20", "", "O", 140, 70, 31.5, 31.7, 0],
		[139, "U4_1", 10, 357.09, "T", "DIP", "+12VIN", "", "C", 98.425, 98.425, 62.992, 62.992, 270],
		[140, "U4_1", 10, 357.09, "B", "DIP", "+12VIN", "", "C", 98.425, 98.425, 62.992, 62.992, 270],
		[141, "U4_2", 10, 160.24, "T", "DIP", "PGND", "", "C", 98.425, 98.425, 62.992, 62.992, 270],
		[142, "U4_2", 10, 160.24, "B", "DIP", "PGND", "", "C", 98.425, 98.425, 62.992, 62.992, 270],
		[143, "U5_1", 2880, 196.575, "T", "DIP", "COIL", "", "C", 98.425, 98.425, 62.992, 62.992, 90],
		[144, "U5_1", 2880, 196.575, "B", "DIP", "COIL", "", "C", 98.425, 98.425, 62.992, 62.992, 90],
		[145, "U5_2", 2880, 393.425, "T", "DIP", "PGND", "", "C", 98.425, 98.425, 62.992, 62.992, 90],
		[146, "U5_2", 2880, 393.425, "B", "DIP", "PGND", "", "C", 98.425, 98.425, 62.992, 62.992, 90],
		[147, "U6_1", 10, -76.575, "T", "DIP", "TACHO-IN", "", "C", 98.425, 98.425, 62.992, 62.992, 270],
		[148, "U6_1", 10, -76.575, "B", "DIP", "TACHO-IN", "", "C", 98.425, 98.425, 62.992, 62.992, 270],
		[149, "U6_2", 10, -273.425, "T", "DIP", "SPARE-IN", "", "C", 98.425, 98.425, 62.992, 62.992, 270],
		[150, "U6_2", 10, -273.425, "B", "DIP", "SPARE-IN", "", "C", 98.425, 98.425, 62.992, 62.992, 270],
		[151, "PAD1_GND1", 2510, -350, "T", "DIP", "GND", "GND", "O", 140, 70, 31.5, 31.7, 0],
		[152, "PAD1_GND1", 2510, -350, "B", "DIP", "GND", "GND", "O", 140, 70, 31.5, 31.7, 0],
		[153, "PAD2_D3", 2510, -150, "T", "DIP", "FIELD-DRV", "", "O", 140, 70, 31.5, 31.7, 0],
		[154, "PAD2_D3", 2510, -150, "B", "DIP", "FIELD-DRV", "", "O", 140, 70, 31.5, 31.7, 0],
		[155, "PAD3_D6", 2510, 149.99, "T", "DIP", "TACHO", "", "O", 140, 70, 31.5, 31.7, 0],
		[156, "PAD3_D6", 2510, 149.99, "B", "DIP", "TACHO", "", "O", 140, 70, 31.5, 31.7, 0],
		[157, "PAD4_GND", 1910, -550, "T", "DIP", "GND", "GND", "O", 140, 70, 31.5, 31.7, 0],
		[158, "PAD4_GND", 1910, -550, "B", "DIP", "GND", "GND", "O", 140, 70, 31.5, 31.7, 0],
		[159, "PAD5_A3", 1910, 149.99, "T", "DIP", "SPARE-IN", "", "O", 140, 70, 31.5, 31.7, 0],
		[160, "PAD5_A3", 1910, 149.99, "B", "DIP", "SPARE-IN", "", "O", 140, 70, 31.5, 31.7, 0],
		[161, "PAD6_A0", 1910, 449.99, "T", "DIP", "V-SENSE", "", "O", 140, 70, 31.5, 31.7, 0],
		[162, "PAD6_A0", 1910, 449.99, "B", "DIP", "V-SENSE", "", "O", 140, 70, 31.5, 31.7, 0],
		[163, "PAD7_D11", 2510, 649.99, "T", "DIP", "ERROR-LED", "", "O", 140, 70, 31.5, 31.7, 0],
		[164, "PAD7_D11", 2510, 649.99, "B", "DIP", "ERROR-LED", "", "O", 140, 70, 31.5, 31.7, 0],
		[165, "PAD8_D10", 2510, 549.99, "T", "DIP", "FIELD-LED", "", "O", 140, 70, 31.5, 31.7, 0],
		[166, "PAD8_D10", 2510, 549.99, "B", "DIP", "FIELD-LED", "", "O", 140, 70, 31.5, 31.7, 0],
		[167, "PAD9_3.3V", 1910, 649.99, "T", "DIP", "PWR-LED", "", "O", 140, 70, 31.5, 31.7, 180],
		[168, "PAD9_3.3V", 1910, 649.99, "B", "DIP", "PWR-LED", "", "O", 140, 70, 31.5, 31.7, 180],
		[169, "PAD10_5V", 1910, -350, "T", "DIP", "+5V", "", "O", 140, 70, 31.5, 31.7, 0],
		[170, "PAD10_5V", 1910, -350, "B", "DIP", "+5V", "", "O", 140, 70, 31.5, 31.7, 0],
		[171, "PAD11_2", 1535, -617.7, "T", "SMD", "GND", "GND", "R", 58.465, 68.031, 0, 0, 270],
		[172, "PAD12_1", 1535, -492.3, "T", "SMD", "+5V", "", "R", 58.465, 68.031, 0, 0, 270],
		[173, "PAD13_2", 1635, -617.7, "T", "SMD", "GND", "GND", "R", 58.465, 68.031, 0, 0, 270],
		[174, "PAD14_1", 1635, -492.3, "T", "SMD", "+5V", "", "R", 58.465, 68.031, 0, 0, 270],
		[175, "PAD15_2", 1735, -617.7, "T", "SMD", "GND", "GND", "R", 58.465, 68.031, 0, 0, 270],
		[176, "PAD16_1", 1735, -492.3, "T", "SMD", "+5V", "", "R", 58.465, 68.031, 0, 0, 270],
		[177, "PAD17_2", 860, -522.3, "T", "SMD", "PGND", "", "R", 58.465, 68.031, 0, 0, 90],
		[178, "PAD18_1", 860, -647.7, "T", "SMD", "VIN", "", "R", 58.465, 68.031, 0, 0, 90],
		[179, "PAD19_1", 745, 50, "T", "DIP", "VIN", "", "C", 62.992, 62.992, 39.37, 39.37, 0],
		[180, "PAD19_1", 745, 50, "B", "DIP", "VIN", "", "C", 62.992, 62.992, 39.37, 39.37, 0],
		[181, "PAD20_2", 945, 50, "T", "DIP", "PGND", "", "C", 62.992, 62.992, 39.37, 39.37, 0],
		[182, "PAD20_2", 945, 50, "B", "DIP", "PGND", "", "C", 62.992, 62.992, 39.37, 39.37, 0],
		[183, "PAD21_2", 980, -413.39, "T", "SMD", "PGND", "", "R", 78.74, 78.74, 0, 0, 270],
		[184, "PAD22_1", 980, -586.61, "T", "SMD", "$1N1383", "", "R", 78.74, 78.74, 0, 0, 270],
		[185, "PAD23_1", 318.36, -52.4, "T", "SMD", "VIN", "", "R", 40.846, 20.945, 0, 0, 0],
		[186, "PAD24_2", 318.36, 22.4, "T", "SMD", "VIN", "", "R", 40.846, 20.945, 0, 0, 0],
		[187, "PAD25_3", 231.64, -15, "T", "SMD", "PGND", "", "R", 40.846, 20.945, 0, 0, 0],
		[188, "PAD26_2", 1764.374, 595, "T", "SMD", "PGND", "", "R", 35.827, 48.031, 0, 0, 0],
		[189, "PAD27_1", 1635.626, 595, "T", "SMD", "V-SENSE", "", "R", 35.827, 48.031, 0, 0, 0],
		[190, "PAD28_2", 2670, 394.374, "T", "SMD", "PGND", "", "R", 35.827, 48.031, 0, 0, 90],
		[191, "PAD29_1", 2670, 265.626, "T", "SMD", "$1N2162", "", "R", 35.827, 48.031, 0, 0, 90],
		[192, "PAD30_1", 1260, -688.11, "T", "SMD", "$1N1383", "", "R", 115.118, 134.646, 0, 0, 270],
		[193, "PAD31_2", 1260, -311.89, "T", "SMD", "+5V", "", "R", 115.118, 134.646, 0, 0, 270],
		[194, "PAD32_2", 1334.4485, 225.8495, "T", "SMD", "PWR-LED", "", "R", 31.496, 31.496, 0, 0, 90],
		[195, "PAD33_1", 1271.4985, 225.8395, "T", "SMD", "$1N3280", "", "R", 31.496, 31.496, 0, 0, 90],
		[196, "PAD34_2", 1334.4485, 77.5463, "T", "SMD", "ERROR-LED", "", "R", 31.496, 31.496, 0, 0, 90],
		[197, "PAD35_1", 1271.4985, 77.5363, "T", "SMD", "$1N3447", "", "R", 31.496, 31.496, 0, 0, 90],
		[198, "PAD36_2", 1264.222, -90.0005, "T", "SMD", "$1N3617", "", "R", 39.37, 55.1, 0, 0, 180],
		[199, "PAD37_1", 1346.922, -90.0005, "T", "SMD", "FIELD-LED", "", "R", 39.37, 55.1, 0, 0, 180],
		[200, "PAD38_3", 2734.92, -67.561, "T", "SMD", "PGND", "", "R", 100, 50, 0, 0, 90],
		[201, "PAD39_2", 2825.08, -362.521, "T", "SMD", "COIL", "", "R", 240.157, 212.598, 0, 0, 90],
		[202, "PAD40_1", 2915.08, -67.481, "T", "SMD", "$1N2162", "", "R", 100, 50, 0, 0, 90],
		[203, "PAD41_2", 795.63, -275, "T", "SMD", "PGND", "", "R", 44.588, 54.213, 0, 0, 180],
		[204, "PAD42_1", 874.37, -275, "T", "SMD", "GND", "GND", "R", 44.588, 54.213, 0, 0, 180],
		[205, "PAD43_2", 1544.37, 595, "T", "SMD", "V-SENSE", "", "R", 44.588, 54.213, 0, 0, 0],
		[206, "PAD44_1", 1465.63, 595, "T", "SMD", "VIN", "", "R", 44.588, 54.213, 0, 0, 0],
		[207, "PAD45_2", 1739.37, 450, "T", "SMD", "V-SENSE", "", "R", 44.588, 54.213, 0, 0, 0],
		[208, "PAD46_1", 1660.63, 450, "T", "SMD", "V-SENSE", "", "R", 44.588, 54.213, 0, 0, 0],
		[209, "PAD47_2", 1544.37, 450, "T", "SMD", "V-SENSE", "", "R", 44.588, 54.213, 0, 0, 0],
		[210, "PAD48_1", 1465.63, 450, "T", "SMD", "PGND", "", "R", 44.588, 54.213, 0, 0, 0],
		[211, "PAD49_2", 2670, 119.37, "T", "SMD", "$1N2162", "", "R", 44.588, 54.213, 0, 0, 90],
		[212, "PAD50_1", 2670, 40.63, "T", "SMD", "FIELD-DRV", "", "R", 44.588, 54.213, 0, 0, 90],
		[213, "PAD51_2", 1563.6535, 226.056, "T", "SMD", "GND", "GND", "R", 44.588, 54.213, 0, 0, 0],
		[214, "PAD52_1", 1484.9135, 226.056, "T", "SMD", "$1N3280", "", "R", 44.588, 54.213, 0, 0, 0],
		[215, "PAD53_2", 1563.6535, 77.7528, "T", "SMD", "GND", "GND", "R", 44.588, 54.213, 0, 0, 0],
		[216, "PAD54_1", 1484.9135, 77.7528, "T", "SMD", "$1N3447", "", "R", 44.588, 54.213, 0, 0, 0],
		[217, "PAD55_2", 1563.6535, -90.5505, "T", "SMD", "GND", "GND", "R", 44.588, 54.213, 0, 0, 0],
		[218, "PAD56_1", 1484.9135, -90.5505, "T", "SMD", "$1N3617", "", "R", 44.588, 54.213, 0, 0, 0],
		[219, "PAD57_5", 729.3465, -380.85, "T", "SMD", "PGND", "", "R", 125.984, 45.276, 0, 0, 180],
		[220, "PAD58_4", 729.3465, -447.85, "T", "SMD", "+5V", "", "R", 125.984, 45.276, 0, 0, 180],
		[221, "PAD59_2", 729.3465, -581.85, "T", "SMD", "$1N1383", "", "R", 125.984, 45.276, 0, 0, 180],
		[222, "PAD60_3", 729.3465, -514.85, "T", "SMD", "PGND", "", "R", 125.984, 45.276, 0, 0, 180],
		[223, "PAD61_1", 729.3465, -648.85, "T", "SMD", "VIN", "", "R", 125.984, 45.276, 0, 0, 180],
		[224, "PAD62_6", 335.0365, -502.35, "T", "SMD", "PGND", "", "P", 320, 430, 0, 0, 180],
		[225, "PAD63_1", 10, 357.09, "T", "DIP", "+12VIN", "", "C", 98.425, 98.425, 62.992, 62.992, 270],
		[226, "PAD63_1", 10, 357.09, "B", "DIP", "+12VIN", "", "C", 98.425, 98.425, 62.992, 62.992, 270],
		[227, "PAD64_2", 10, 160.24, "T", "DIP", "PGND", "", "C", 98.425, 98.425, 62.992, 62.992, 270],
		[228, "PAD64_2", 10, 160.24, "B", "DIP", "PGND", "", "C", 98.425, 98.425, 62.992, 62.992, 270],
		[229, "PAD65_1", 2880, 196.575, "T", "DIP", "COIL", "", "C", 98.425, 98.425, 62.992, 62.992, 90],
		[230, "PAD65_1", 2880, 196.575, "B", "DIP", "COIL", "", "C", 98.425, 98.425, 62.992, 62.992, 90],
		[231, "PAD66_2", 2880, 393.425, "T", "DIP", "PGND", "", "C", 98.425, 98.425, 62.992, 62.992, 90],
		[232, "PAD66_2", 2880, 393.425, "B", "DIP", "PGND", "", "C", 98.425, 98.425, 62.992, 62.992, 90],
		[233, "PAD67_4", 451.93, 317.09, "T", "DIP", "+12VIN", "", "C", 98.425, 98.425, 70.866, 70.866, 90],
		[234, "PAD67_4", 451.93, 317.09, "B", "DIP", "+12VIN", "", "C", 98.425, 98.425, 70.866, 70.866, 90],
		[235, "PAD68_3", 451.93, 702.91, "T", "DIP", "VIN", "", "C", 98.425, 98.425, 70.866, 70.866, 90],
		[236, "PAD68_3", 451.93, 702.91, "B", "DIP", "VIN", "", "C", 98.425, 98.425, 70.866, 70.866, 90],
		[237, "PAD69_2", 318.07, 702.91, "T", "DIP", "VIN", "", "C", 98.425, 98.425, 70.866, 70.866, 90],
		[238, "PAD69_2", 318.07, 702.91, "B", "DIP", "VIN", "", "C", 98.425, 98.425, 70.866, 70.866, 90],
		[239, "PAD70_1", 318.07, 317.09, "T", "DIP", "+12VIN", "", "C", 98.425, 98.425, 70.866, 70.866, 90],
		[240, "PAD70_1", 318.07, 317.09, "B", "DIP", "+12VIN", "", "C", 98.425, 98.425, 70.866, 70.866, 90],
		[241, "PAD71_2", 1740, 20.626, "T", "SMD", "PGND", "", "R", 35.827, 48.031, 0, 0, 270],
		[242, "PAD72_1", 1740, 149.374, "T", "SMD", "SPARE-IN", "", "R", 35.827, 48.031, 0, 0, 270],
		[243, "PAD73_2", 1650, 20.626, "T", "SMD", "PGND", "", "R", 35.827, 48.031, 0, 0, 270],
		[244, "PAD74_1", 1650, 149.374, "T", "SMD", "TACHO", "", "R", 35.827, 48.031, 0, 0, 270],
		[245, "PAD75_2", 1635, -260.626, "T", "SMD", "GND", "GND", "R", 35.827, 48.031, 0, 0, 90],
		[246, "PAD76_1", 1635, -389.374, "T", "SMD", "+5V", "", "R", 35.827, 48.031, 0, 0, 90],
		[247, "PAD77_1", 425, -75, "T", "DIP", "TACHO-IN", "", "R", 78.74, 78.74, 47.244, 47.244, 0],
		[248, "PAD77_1", 425, -75, "B", "DIP", "TACHO-IN", "", "R", 78.74, 78.74, 47.244, 47.244, 0],
		[249, "PAD78_2", 525, -75, "T", "DIP", "$1N5056", "", "C", 78.74, 78.74, 47.244, 47.244, 0],
		[250, "PAD78_2", 525, -75, "B", "DIP", "$1N5056", "", "C", 78.74, 78.74, 47.244, 47.244, 0],
		[251, "PAD79_2", 270, -249.37, "T", "SMD", "$1N5056", "", "R", 44.588, 54.213, 0, 0, 270],
		[252, "PAD80_1", 270, -170.63, "T", "SMD", "TACHO-IN", "", "R", 44.588, 54.213, 0, 0, 270],
		[253, "PAD81_2", 439.37, -250, "T", "SMD", "TACHO", "", "R", 44.588, 54.213, 0, 0, 0],
		[254, "PAD82_1", 360.63, -250, "T", "SMD", "$1N5056", "", "R", 44.588, 54.213, 0, 0, 0],
		[255, "PAD83_2", 530, -249.37, "T", "SMD", "TACHO", "", "R", 44.588, 54.213, 0, 0, 270],
		[256, "PAD84_1", 530, -170.63, "T", "SMD", "PGND", "", "R", 44.588, 54.213, 0, 0, 270],
		[257, "PAD85_1", 10, -76.575, "T", "DIP", "TACHO-IN", "", "C", 98.425, 98.425, 62.992, 62.992, 270],
		[258, "PAD85_1", 10, -76.575, "B", "DIP", "TACHO-IN", "", "C", 98.425, 98.425, 62.992, 62.992, 270],
		[259, "PAD86_2", 10, -273.425, "T", "DIP", "SPARE-IN", "", "C", 98.425, 98.425, 62.992, 62.992, 270],
		[260, "PAD86_2", 10, -273.425, "B", "DIP", "SPARE-IN", "", "C", 98.425, 98.425, 62.992, 62.992, 270]
	]
}
}